{"cameraMode":{"drawMode":0,"name":"Shaded","section":"Shading Mode"},"sceneLighting":true,"audioPlay":false,"sceneViewState":{"showFog":true,"showMaterialUpdate":false,"showSkybox":true,"showFlares":true,"showImageEffects":true,"showParticleSystems":true},"in2DMode":false,"pivot":{"x":66.93379974365235,"y":81.72511291503906,"z":36.69770050048828},"rotation":{"x":0.09264713525772095,"y":0.025197328999638559,"z":-0.0023446576669812204,"w":0.9953774213790894},"size":1109.25390625,"orthographic":false}