{"cameraMode":{"drawMode":0,"name":"Shaded","section":"Shading Mode"},"sceneLighting":true,"audioPlay":false,"sceneViewState":{"showFog":true,"showMaterialUpdate":false,"showSkybox":true,"showFlares":true,"showImageEffects":true,"showParticleSystems":true},"in2DMode":false,"pivot":{"x":480.90087890625,"y":259.6878356933594,"z":37.19561767578125},"rotation":{"x":0.09416350722312927,"y":-0.012136662378907204,"z":0.0011485547292977572,"w":0.9954821467399597},"size":803.8010864257813,"orthographic":false}