{"cameraMode":{"drawMode":0,"name":"Shaded","section":"Shading Mode"},"sceneLighting":true,"audioPlay":false,"sceneViewState":{"showFog":true,"showMaterialUpdate":false,"showSkybox":true,"showFlares":true,"showImageEffects":true,"showParticleSystems":true},"in2DMode":false,"pivot":{"x":440.3027648925781,"y":286.17315673828127,"z":36.56146240234375},"rotation":{"x":0.014804648235440255,"y":-0.027184180915355684,"z":0.0004033561854157597,"w":0.9995207786560059},"size":856.3106689453125,"orthographic":false}