{"cameraMode":{"drawMode":0,"name":"Shaded","section":"Shading Mode"},"sceneLighting":false,"audioPlay":false,"sceneViewState":{"showFog":true,"showMaterialUpdate":false,"showSkybox":false,"showFlares":true,"showImageEffects":true,"showParticleSystems":true},"in2DMode":false,"pivot":{"x":25.200008392333986,"y":-0.30000007152557375,"z":28.099998474121095},"rotation":{"x":-0.30383700132369997,"y":0.022479457780718805,"z":-0.007172006648033857,"w":-0.9524317979812622},"size":81.68754577636719,"orthographic":false}